File_Hash,Predicted Label
B (1),B
B (10),B
B (100),B
B (101),B
B (102),B
B (103),B
B (104),B
B (105),B
B (106),B
B (107),B
B (108),B
B (109),B
B (11),B
B (110),B
B (111),B
B (112),B
B (113),B
B (114),B
B (115),B
B (116),B
B (117),B
B (118),B
B (119),B
B (12),B
B (120),B
B (121),B
B (122),B
B (123),B
B (124),B
B (125),B
B (126),B
B (127),B
B (128),B
B (129),B
B (13),B
B (130),B
B (131),B
B (132),B
B (133),B
B (134),B
B (135),B
B (136),B
B (137),B
B (138),B
B (139),B
B (14),B
B (140),B
B (141),B
B (142),B
B (143),B
B (144),B
B (145),B
B (146),B
B (147),B
B (148),B
B (149),B
B (15),B
B (150),B
B (151),B
B (152),B
B (153),B
B (154),B
B (155),B
B (156),B
B (157),B
B (158),B
B (159),B
B (16),B
B (160),B
B (161),B
B (162),B
B (163),B
B (164),B
B (165),B
B (166),B
B (167),B
B (168),B
B (169),B
B (17),B
B (170),B
B (171),B
B (172),B
B (173),B
B (174),B
B (175),B
B (176),B
B (177),B
B (178),B
B (179),B
B (18),B
B (180),B
B (181),B
B (182),B
B (183),B
B (184),B
B (185),B
B (186),B
B (187),B
B (188),B
B (189),B
B (19),B
B (190),B
B (191),B
B (192),B
B (193),B
B (194),B
B (195),B
B (196),B
B (197),B
B (198),B
B (199),B
B (2),B
B (20),B
B (200),B
B (201),B
B (202),B
B (203),B
B (204),B
B (205),B
B (206),B
B (207),B
B (208),B
B (209),B
B (21),B
B (210),B
B (211),B
B (212),B
B (213),B
B (214),B
B (215),B
B (216),B
B (217),B
B (218),B
B (219),B
B (22),B
B (220),B
B (221),B
B (222),B
B (223),B
B (224),B
B (225),B
B (226),B
B (227),B
B (228),B
B (229),B
B (23),B
B (230),B
B (231),B
B (232),B
B (233),B
B (234),B
B (235),B
B (236),B
B (237),B
B (238),B
B (239),B
B (24),B
B (240),B
B (241),B
B (242),B
B (243),B
B (244),B
B (245),B
B (246),B
B (247),B
B (248),B
B (249),B
B (25),B
B (250),B
B (251),B
B (252),B
B (253),B
B (254),B
B (255),B
B (256),B
B (257),B
B (258),B
B (259),B
B (26),B
B (260),B
B (261),B
B (262),B
B (263),B
B (264),B
B (265),B
B (266),B
B (267),B
B (268),B
B (269),B
B (27),B
B (270),B
B (271),B
B (272),B
B (273),B
B (274),B
B (275),B
B (276),B
B (277),B
B (278),B
B (279),B
B (28),B
B (280),B
B (281),B
B (282),B
B (283),B
B (284),B
B (285),B
B (286),B
B (287),B
B (288),B
B (289),B
B (29),B
B (290),B
B (291),B
B (292),B
B (293),B
B (294),B
B (295),B
B (296),B
B (297),B
B (298),B
B (299),B
B (3),B
B (30),B
B (300),B
B (301),B
B (302),B
B (303),B
B (304),B
B (305),B
B (306),B
B (307),B
B (308),B
B (309),B
B (31),B
B (310),B
B (311),B
B (312),B
B (313),B
B (314),B
B (315),B
B (316),B
B (317),B
B (318),B
B (319),B
B (32),B
B (320),B
B (321),B
B (322),B
B (323),B
B (324),B
B (325),B
B (326),B
B (327),B
B (328),B
B (329),B
B (33),B
B (330),B
B (331),B
B (332),B
B (333),B
B (334),B
B (335),B
B (336),B
B (337),B
B (338),B
B (339),B
B (34),B
B (340),B
B (341),B
B (342),B
B (343),B
B (344),B
B (345),B
B (346),B
B (347),B
B (348),B
B (349),B
B (35),B
B (350),B
B (351),B
B (352),B
B (353),B
B (354),B
B (355),B
B (356),B
B (357),B
B (358),B
B (359),B
B (36),B
B (360),B
B (361),B
B (362),B
B (363),B
B (364),B
B (365),B
B (366),B
B (367),B
B (368),B
B (369),B
B (37),B
B (370),B
B (371),B
B (372),B
B (373),B
B (374),B
B (375),B
B (376),B
B (377),B
B (378),B
B (379),B
B (38),B
B (380),B
B (381),B
B (382),B
B (383),B
B (384),B
B (385),B
B (386),B
B (387),B
B (388),B
B (389),B
B (39),B
B (390),B
B (391),B
B (392),B
B (393),B
B (394),B
B (395),B
B (396),B
B (397),B
B (398),B
B (399),B
B (4),B
B (40),B
B (400),B
B (401),B
B (402),B
B (403),B
B (404),B
B (405),B
B (406),B
B (407),B
B (408),B
B (409),B
B (41),B
B (42),B
B (43),B
B (44),B
B (45),B
B (46),B
B (47),B
B (48),B
B (49),B
B (5),B
B (50),B
B (51),B
B (52),B
B (53),B
B (54),B
B (55),B
B (56),B
B (57),B
B (58),B
B (59),B
B (6),B
B (60),B
B (61),B
B (62),B
B (63),B
B (64),B
B (65),B
B (66),B
B (67),B
B (68),B
B (69),B
B (7),B
B (70),B
B (71),B
B (72),B
B (73),B
B (74),B
B (75),B
B (76),B
B (77),B
B (78),B
B (79),B
B (8),B
B (80),B
B (81),B
B (82),B
B (83),B
B (84),B
B (85),B
B (86),B
B (87),B
B (88),B
B (89),B
B (9),B
B (90),B
B (91),B
B (92),B
B (93),B
B (94),B
B (95),B
B (96),B
B (97),B
B (98),B
B (99),B
M1,M
M1 (10),M
M1 (100),M
M1 (11),M
M1 (12),M
M1 (13),M
M1 (14),M
M1 (15),M
M1 (16),M
M1 (17),M
M1 (18),M
M1 (19),M
M1 (2),M
M1 (20),M
M1 (21),M
M1 (22),M
M1 (23),M
M1 (24),M
M1 (25),M
M1 (26),M
M1 (27),M
M1 (28),M
M1 (29),M
M1 (3),M
M1 (30),M
M1 (31),M
M1 (32),M
M1 (33),M
M1 (34),M
M1 (35),M
M1 (36),M
M1 (37),M
M1 (38),M
M1 (39),M
M1 (4),M
M1 (40),M
M1 (41),M
M1 (42),M
M1 (43),M
M1 (44),M
M1 (45),M
M1 (46),M
M1 (47),M
M1 (48),M
M1 (49),M
M1 (5),M
M1 (50),M
M1 (51),M
M1 (52),M
M1 (53),M
M1 (54),M
M1 (55),M
M1 (56),M
M1 (57),M
M1 (58),M
M1 (59),M
M1 (6),M
M1 (60),M
M1 (61),M
M1 (62),M
M1 (63),M
M1 (64),M
M1 (65),M
M1 (66),M
M1 (67),M
M1 (68),M
M1 (69),M
M1 (7),M
M1 (70),M
M1 (71),M
M1 (72),M
M1 (73),M
M1 (74),M
M1 (75),M
M1 (76),M
M1 (77),M
M1 (78),M
M1 (79),M
M1 (8),M
M1 (80),M
M1 (81),M
M1 (82),M
M1 (83),M
M1 (84),M
M1 (85),M
M1 (86),M
M1 (87),M
M1 (88),M
M1 (89),M
M1 (9),M
M1 (90),M
M1 (91),M
M1 (92),M
M1 (93),M
M1 (94),M
M1 (95),M
M1 (96),M
M1 (97),M
M1 (98),M
M1 (99),M
M2,M
M2 (10),M
M2 (11),M
M2 (12),M
M2 (13),M
M2 (14),M
M2 (15),M
M2 (16),M
M2 (17),M
M2 (18),M
M2 (19),M
M2 (2),M
M2 (20),M
M2 (21),M
M2 (22),M
M2 (23),M
M2 (24),M
M2 (25),M
M2 (26),M
M2 (27),M
M2 (28),M
M2 (29),M
M2 (3),M
M2 (30),M
M2 (31),M
M2 (32),M
M2 (33),M
M2 (34),M
M2 (35),M
M2 (36),M
M2 (37),M
M2 (38),M
M2 (39),M
M2 (4),M
M2 (40),M
M2 (41),M
M2 (42),M
M2 (43),M
M2 (44),M
M2 (45),M
M2 (46),M
M2 (47),M
M2 (48),M
M2 (49),M
M2 (5),B
M2 (50),M
M2 (51),M
M2 (52),M
M2 (53),M
M2 (54),M
M2 (55),M
M2 (56),M
M2 (57),M
M2 (58),M
M2 (59),M
M2 (6),M
M2 (7),M
M2 (8),M
M2 (9),M
M3 (1),M
M3 (10),M
M3 (100),M
M3 (101),M
M3 (102),M
M3 (103),M
M3 (104),M
M3 (105),M
M3 (106),M
M3 (107),M
M3 (108),M
M3 (109),M
M3 (11),M
M3 (110),M
M3 (111),M
M3 (112),M
M3 (113),M
M3 (114),M
M3 (115),M
M3 (116),M
M3 (117),M
M3 (118),M
M3 (119),M
M3 (12),M
M3 (120),M
M3 (121),M
M3 (122),M
M3 (123),M
M3 (124),M
M3 (125),M
M3 (126),M
M3 (127),M
M3 (128),M
M3 (129),M
M3 (13),M
M3 (130),M
M3 (131),M
M3 (132),M
M3 (133),M
M3 (134),M
M3 (135),M
M3 (136),M
M3 (137),M
M3 (138),M
M3 (139),M
M3 (14),M
M3 (140),M
M3 (141),M
M3 (142),M
M3 (143),M
M3 (144),M
M3 (145),M
M3 (146),M
M3 (147),M
M3 (148),M
M3 (149),M
M3 (15),M
M3 (150),M
M3 (151),M
M3 (152),M
M3 (153),M
M3 (154),M
M3 (155),M
M3 (156),M
M3 (157),M
M3 (158),M
M3 (159),M
M3 (16),M
M3 (160),M
M3 (161),M
M3 (162),M
M3 (163),M
M3 (164),M
M3 (165),M
M3 (17),M
M3 (18),M
M3 (19),M
M3 (2),M
M3 (20),M
M3 (21),M
M3 (22),M
M3 (23),M
M3 (24),M
M3 (25),M
M3 (26),M
M3 (27),M
M3 (28),M
M3 (29),M
M3 (3),M
M3 (30),M
M3 (31),M
M3 (32),M
M3 (33),M
M3 (34),M
M3 (35),M
M3 (36),M
M3 (37),M
M3 (38),M
M3 (39),M
M3 (4),M
M3 (40),M
M3 (41),M
M3 (42),M
M3 (43),M
M3 (44),M
M3 (45),M
M3 (46),M
M3 (47),M
M3 (48),M
M3 (49),M
M3 (5),M
M3 (50),M
M3 (51),M
M3 (52),M
M3 (53),M
M3 (54),M
M3 (55),M
M3 (56),M
M3 (57),M
M3 (58),M
M3 (59),B
M3 (6),M
M3 (60),M
M3 (61),M
M3 (62),M
M3 (63),M
M3 (64),M
M3 (65),M
M3 (66),M
M3 (67),M
M3 (68),M
M3 (69),M
M3 (7),M
M3 (70),M
M3 (71),M
M3 (72),M
M3 (73),M
M3 (74),B
M3 (75),M
M3 (76),M
M3 (77),M
M3 (78),M
M3 (79),M
M3 (8),M
M3 (80),M
M3 (81),M
M3 (82),M
M3 (83),M
M3 (84),M
M3 (85),M
M3 (86),M
M3 (87),M
M3 (88),M
M3 (89),M
M3 (9),M
M3 (90),M
M3 (91),M
M3 (92),M
M3 (93),M
M3 (94),M
M3 (95),M
M3 (96),M
M3 (97),M
M3 (98),M
M3 (99),M
M4,M
M4 (10),M
M4 (100),M
M4 (101),M
M4 (102),M
M4 (103),M
M4 (104),M
M4 (11),M
M4 (12),M
M4 (13),M
M4 (14),M
M4 (15),M
M4 (16),M
M4 (17),M
M4 (18),M
M4 (19),M
M4 (2),M
M4 (20),M
M4 (21),M
M4 (22),M
M4 (23),M
M4 (24),M
M4 (25),M
M4 (26),M
M4 (27),M
M4 (28),M
M4 (29),M
M4 (3),M
M4 (30),M
M4 (31),M
M4 (32),M
M4 (33),M
M4 (34),M
M4 (35),M
M4 (36),M
M4 (37),M
M4 (38),M
M4 (39),M
M4 (4),M
M4 (40),M
M4 (41),M
M4 (42),M
M4 (43),M
M4 (44),M
M4 (45),M
M4 (46),M
M4 (47),M
M4 (48),M
M4 (49),M
M4 (5),M
M4 (50),M
M4 (51),M
M4 (52),M
M4 (53),M
M4 (54),M
M4 (55),M
M4 (56),M
M4 (57),M
M4 (58),M
M4 (59),M
M4 (6),M
M4 (60),M
M4 (61),M
M4 (62),M
M4 (63),M
M4 (64),M
M4 (65),M
M4 (66),M
M4 (67),M
M4 (68),M
M4 (69),M
M4 (7),M
M4 (70),M
M4 (71),M
M4 (72),M
M4 (73),M
M4 (74),M
M4 (75),M
M4 (76),M
M4 (77),B
M4 (78),M
M4 (79),M
M4 (8),M
M4 (80),M
M4 (81),M
M4 (82),M
M4 (83),M
M4 (84),M
M4 (85),M
M4 (86),M
M4 (87),M
M4 (88),M
M4 (89),M
M4 (9),M
M4 (90),M
M4 (91),M
M4 (92),M
M4 (93),M
M4 (94),M
M4 (95),M
M4 (96),M
M4 (97),M
M4 (98),M
M4 (99),M
M5,M
M5 (10),M
M5 (100),M
M5 (101),M
M5 (102),M
M5 (103),M
M5 (104),M
M5 (105),M
M5 (106),M
M5 (107),M
M5 (108),M
M5 (109),M
M5 (11),M
M5 (110),M
M5 (111),M
M5 (112),M
M5 (113),M
M5 (114),M
M5 (115),M
M5 (116),M
M5 (117),M
M5 (118),M
M5 (119),M
M5 (12),M
M5 (120),M
M5 (121),M
M5 (122),M
M5 (123),M
M5 (124),M
M5 (125),M
M5 (13),M
M5 (14),M
M5 (15),M
M5 (16),M
M5 (17),M
M5 (18),M
M5 (19),M
M5 (2),M
M5 (20),M
M5 (21),M
M5 (22),M
M5 (23),M
M5 (24),M
M5 (25),M
M5 (26),M
M5 (27),M
M5 (28),M
M5 (29),M
M5 (3),M
M5 (30),M
M5 (31),M
M5 (32),M
M5 (33),M
M5 (34),M
M5 (35),M
M5 (36),M
M5 (37),M
M5 (38),M
M5 (39),M
M5 (4),M
M5 (40),M
M5 (41),M
M5 (42),M
M5 (43),M
M5 (44),M
M5 (45),M
M5 (46),M
M5 (47),M
M5 (48),M
M5 (49),M
M5 (5),M
M5 (50),M
M5 (51),M
M5 (52),M
M5 (53),M
M5 (54),M
M5 (55),M
M5 (56),M
M5 (57),M
M5 (58),M
M5 (59),M
M5 (6),M
M5 (60),M
M5 (61),M
M5 (62),M
M5 (63),M
M5 (64),M
M5 (65),M
M5 (66),M
M5 (67),M
M5 (68),M
M5 (69),M
M5 (7),M
M5 (70),M
M5 (71),M
M5 (72),M
M5 (73),M
M5 (74),M
M5 (75),M
M5 (76),M
M5 (77),M
M5 (78),M
M5 (79),M
M5 (8),M
M5 (80),M
M5 (81),M
M5 (82),M
M5 (83),M
M5 (84),M
M5 (85),M
M5 (86),M
M5 (87),M
M5 (88),M
M5 (89),M
M5 (9),M
M5 (90),M
M5 (91),M
M5 (92),M
M5 (93),M
M5 (94),M
M5 (95),M
M5 (96),M
M5 (97),M
M5 (98),M
M5 (99),M
